Model,Mean,Std,Skewness,Kurtosis,Min,Max,Range
FBM,0.001441814015032309,0.011018321743683923,0.052526206803164124,-0.3400534006079341,-0.028642358290617544,0.031951547538380386,0.06059390582899793
FGN,0.0014418140150323088,0.011018321743683923,0.052526206803164124,-0.3400534006079341,-0.02864235829061755,0.03195154753838038,0.06059390582899793
ARFIMA,0.04169065987766346,0.027537396701876986,-0.12656563749003427,-0.11083796870272122,-0.05324284652150132,0.11596214634640335,0.16920499286790466
MRW,0.005706898912226009,0.0197097480012688,0.6588239101007027,3.774572819014736,-0.06563372093037259,0.117087997073529,0.18272171800390158
Alpha-Stable,-0.06305220417182351,0.9009993158839861,-1.55829492810465,15.484992434398208,-9.00737899060667,5.134497045180343,14.141876035787012
