Model,Mean,Std,Skewness,Kurtosis,Min,Max,Range
FBM,-0.00022801065642852336,0.011655200272798538,0.13765624165534973,0.07010817527770996,-0.03265988081693649,0.03926672041416168,0.07192660123109818
FGN,0.0014418140150323088,0.011018321743683923,0.052526206803164124,-0.3400534006079341,-0.02864235829061755,0.03195154753838038,0.06059390582899793
ARFIMA,0.04169065987766346,0.027537396701876986,-0.12656563749003427,-0.11083796870272122,-0.05324284652150132,0.11596214634640335,0.16920499286790466
MRW,0.005706898912226009,0.0197097480012688,0.6588239101007027,3.774572819014736,-0.06563372093037259,0.117087997073529,0.18272171800390158
Alpha-Stable,0.028613697481344062,0.9204899285383937,1.0445098144849512,12.194815096630071,-6.101871286930331,8.027563513251067,14.129434800181398
