estimator,data_type,n_samples,mean_error,std_error,mean_mse,std_mse,mean_execution_time,success_rate
RandomForest,fgn,30,0.04136133500622545,0.02421554670048912,0.0022776063121006623,0.0024761858042348056,0.13673340479532878,100.0
RandomForest,fbm,30,0.02860059035408587,0.02476536426751111,0.0014108729269946619,0.0021343412663187506,0.1413755734761556,100.0
RandomForest,arfima,30,0.1493284707577474,0.10713104514190824,0.03339348431760509,0.04002700647012221,0.14101200103759765,100.0
GradientBoosting,fgn,30,0.03440762480925672,0.024636705698335242,0.0017706196704254165,0.0021455041145570226,0.10369935830434164,100.0
GradientBoosting,fbm,30,0.031890425392597316,0.02356119155238958,0.0015536246541769303,0.0020009330505543254,0.10344132582346598,100.0
GradientBoosting,arfima,30,0.19043835876936352,0.12392271943707825,0.051111714203693606,0.05615985282009861,0.1033773422241211,100.0
SVR,fgn,30,0.031247483091343467,0.02899939962621298,0.0017893382056019043,0.00330290118621826,0.10369866689046224,100.0
SVR,fbm,30,0.029666815429294873,0.02517459779964108,0.0014927549662770853,0.002270031282551397,0.1034438451131185,100.0
SVR,arfima,30,0.23579762469059978,0.11115321451853624,0.0675437223376059,0.054123065146002104,0.1043543815612793,100.0
