{
  "overall": {
    "total_tests": 1680,
    "successful_tests": "1633",
    "success_rate": 97.20238095238095,
    "mean_error": 0.0893635357217229,
    "mean_execution_time": 0.003893506952694484
  },
  "by_estimator": {
    "error_mean": {
      "Adaptive_RS": 0.0894
    },
    "error_std": {
      "Adaptive_RS": 0.0968
    },
    "error_median": {
      "Adaptive_RS": 0.0686
    },
    "execution_time_mean": {
      "Adaptive_RS": 0.0039
    },
    "execution_time_std": {
      "Adaptive_RS": 0.084
    },
    "execution_time_median": {
      "Adaptive_RS": 0.0017
    },
    "success_sum": {
      "Adaptive_RS": 1633
    }
  },
  "framework_usage_by_estimator": {
    "Adaptive_RS": {
      "numba": 1678,
      "jax": 1,
      "numpy": 1
    }
  },
  "by_framework": {
    "error_mean": {
      "jax": 0.1307,
      "numba": 0.0893,
      "numpy": 0.1059
    },
    "error_std": {
      "jax": NaN,
      "numba": 0.0968,
      "numpy": NaN
    },
    "execution_time_mean": {
      "jax": 3.4361,
      "numba": 0.0018,
      "numpy": 0.0144
    },
    "execution_time_std": {
      "jax": NaN,
      "numba": 0.0063,
      "numpy": NaN
    },
    "success_sum": {
      "jax": 1,
      "numba": 1631,
      "numpy": 1
    }
  },
  "by_data_characteristics": {
    "error": {
      "500_0.0": 0.0908,
      "500_0.1": 0.0921,
      "500_0.2": 0.0809,
      "1000_0.0": 0.09,
      "1000_0.1": 0.0875,
      "1000_0.2": 0.0818,
      "2000_0.0": 0.0889,
      "2000_0.1": 0.0906,
      "2000_0.2": 0.0841,
      "5000_0.0": 0.0981,
      "5000_0.1": 0.097,
      "5000_0.2": 0.0905
    },
    "execution_time": {
      "500_0.0": 0.028,
      "500_0.1": 0.0014,
      "500_0.2": 0.0014,
      "1000_0.0": 0.0015,
      "1000_0.1": 0.0015,
      "1000_0.2": 0.0015,
      "2000_0.0": 0.0017,
      "2000_0.1": 0.0017,
      "2000_0.2": 0.0017,
      "5000_0.0": 0.0021,
      "5000_0.1": 0.0021,
      "5000_0.2": 0.0022
    },
    "success": {
      "500_0.0": 135.0,
      "500_0.1": 136.0,
      "500_0.2": 136.0,
      "1000_0.0": 136.0,
      "1000_0.1": 136.0,
      "1000_0.2": 135.0,
      "2000_0.0": 137.0,
      "2000_0.1": 135.0,
      "2000_0.2": 137.0,
      "5000_0.0": 135.0,
      "5000_0.1": 136.0,
      "5000_0.2": 139.0
    }
  },
  "optimization_backend_summary": {
    "message": "No performance data available"
  }
}