Estimator,Pure_Mean_Absolute_Error,Pure_Mean_Execution_Time,Pure_Success_Rate,Robustness_Score,Realistic_Success_Rate,Pure_Data_Score,Robustness_Score_Ranking,Realistic_Score,Overall_Score
CNN,0.10281153278303183,0.0063786158959070844,1.0,1.0,1.0,8.971884672169681,10.0,10.0,9.657294890723227
LSTM,0.09662174178283878,0.0011526644229888916,1.0,1.0,1.0,9.033782582171613,10.0,10.0,9.677927527390537
GRU,0.10789333990681482,0.0007283737262090048,1.0,1.0,1.0,8.921066600931852,10.0,10.0,9.64035553364395
Transformer,0.10605130805470338,0.002569854259490967,1.0,1.0,1.0,8.939486919452966,10.0,10.0,9.646495639817656
