Estimator,Pure_Mean_Absolute_Error,Pure_Mean_Execution_Time,Pure_Success_Rate,Robustness_Score,Realistic_Success_Rate,Pure_Data_Score,Robustness_Score_Ranking,Realistic_Score,Overall_Score
CNN,0.10117751204698215,0.004525880018870036,1.0,1.0,1.0,8.98822487953018,10.0,10.0,9.66274162651006
LSTM,0.10438292532696695,0.0011421690384546916,1.0,1.0,1.0,8.956170746730331,10.0,10.0,9.652056915576777
GRU,0.11119833075520429,0.0005380511283874512,1.0,1.0,1.0,8.888016692447957,10.0,10.0,9.629338897482652
Transformer,0.11545573104630259,0.002036695679028829,1.0,1.0,1.0,8.845442689536974,10.0,10.0,9.615147563178992
