{
  "overall": {
    "success_rate": 1.0,
    "n_total": 800,
    "n_successful": 800,
    "mean_absolute_error": 0.19175488792178805,
    "median_absolute_error": 0.10028144155071111,
    "std_absolute_error": 0.2006634606301205,
    "mean_execution_time": 0.11705056399106979,
    "median_execution_time": 0.01235044002532959,
    "correlation": 0.1688155172477209
  },
  "by_type": {
    "classical": {
      "success_rate": 1.0,
      "n_total": 400,
      "n_successful": 400,
      "mean_absolute_error": 0.30490772981671455,
      "median_absolute_error": 0.27100989228281674,
      "std_absolute_error": 0.21615938418653485,
      "mean_execution_time": 0.005817515850067139,
      "median_execution_time": 0.003719329833984375,
      "correlation": -0.14331147444515108
    },
    "ml": {
      "success_rate": 1.0,
      "n_total": 400,
      "n_successful": 400,
      "mean_absolute_error": 0.07860204602686151,
      "median_absolute_error": 0.04583256335576416,
      "std_absolute_error": 0.09055185384305175,
      "mean_execution_time": 0.22828361213207246,
      "median_execution_time": 0.016033291816711426,
      "correlation": 0.7929999842440402
    }
  },
  "by_estimator": {
    "RS": {
      "success_rate": 1.0,
      "n_total": 100,
      "n_successful": 100,
      "mean_absolute_error": 0.24814870495803695,
      "median_absolute_error": 0.17552347489696318,
      "std_absolute_error": 0.20083006273671866,
      "mean_execution_time": 0.007647726535797119,
      "median_execution_time": 0.007598280906677246,
      "correlation": -0.7550352372447737
    },
    "DFA": {
      "success_rate": 1.0,
      "n_total": 100,
      "n_successful": 100,
      "mean_absolute_error": 0.4473623360211279,
      "median_absolute_error": 0.44754940245062014,
      "std_absolute_error": 0.19645040668730496,
      "mean_execution_time": 0.014985928535461426,
      "median_execution_time": 0.015307188034057617,
      "correlation": -0.5466795113107424
    },
    "GPH": {
      "success_rate": 1.0,
      "n_total": 100,
      "n_successful": 100,
      "mean_absolute_error": 0.2974532116210266,
      "median_absolute_error": 0.26648374023015625,
      "std_absolute_error": 0.23020212135455018,
      "mean_execution_time": 0.00046261310577392576,
      "median_execution_time": 0.00045180320739746094,
      "correlation": -0.4542044834250774
    },
    "Whittle": {
      "success_rate": 1.0,
      "n_total": 100,
      "n_successful": 100,
      "mean_absolute_error": 0.22666666666666666,
      "median_absolute_error": 0.19999999999999987,
      "std_absolute_error": 0.15902480589168747,
      "mean_execution_time": 0.000173795223236084,
      "median_execution_time": 0.00016188621520996094,
      "correlation": -1.1306003770315346e-15
    },
    "SVR": {
      "success_rate": 1.0,
      "n_total": 100,
      "n_successful": 100,
      "mean_absolute_error": 0.078521859054722,
      "median_absolute_error": 0.09165925390466825,
      "std_absolute_error": 0.04738503768771751,
      "mean_execution_time": 0.01446983814239502,
      "median_execution_time": 0.014256715774536133,
      "correlation": 0.8865170303421592
    },
    "GradientBoosting": {
      "success_rate": 1.0,
      "n_total": 100,
      "n_successful": 100,
      "mean_absolute_error": 0.02270407981606407,
      "median_absolute_error": 0.011475386634563295,
      "std_absolute_error": 0.037984105991123306,
      "mean_execution_time": 0.01714017391204834,
      "median_execution_time": 0.01688849925994873,
      "correlation": 0.9735891851162704
    },
    "RandomForest": {
      "success_rate": 1.0,
      "n_total": 100,
      "n_successful": 100,
      "mean_absolute_error": 0.043488519730195276,
      "median_absolute_error": 0.02974990379990372,
      "std_absolute_error": 0.04151531910439813,
      "mean_execution_time": 0.8790510392189026,
      "median_execution_time": 0.8810383081436157,
      "correlation": 0.9526462477998954
    },
    "CNN": {
      "success_rate": 1.0,
      "n_total": 100,
      "n_successful": 100,
      "mean_absolute_error": 0.1696937255064647,
      "median_absolute_error": 0.1341998596986136,
      "std_absolute_error": 0.12137402628588596,
      "mean_execution_time": 0.0024733972549438477,
      "median_execution_time": 0.0022181272506713867,
      "correlation": 0.7554245381966754
    }
  }
}