Estimator,Mean_Absolute_Error_Pure,Mean_Execution_Time_Pure,Mean_R_squared_Pure,Success_Rate_Pure,Mean_Absolute_Error_Contaminated,Robustness_Score,Pure_Data_Score,Robustness_Score_Ranking,Overall_Score
R/S,0.09887564057422252,0.34777572751045227,0.9837718066822897,1.0,0.19887823098124166,1.0,9.011243594257774,10.0,9.505621797128887
DFA,0.4649586406378651,0.009318292140960693,0.855877874015745,1.0,0.49652282076641563,1.0,5.350413593621349,10.0,7.6752067968106745
DMA,0.5272083746593633,0.0005181431770324707,0.9187825946069077,1.0,0.5495666708274458,1.0,4.727916253406367,10.0,7.363958126703183
Higuchi,0.5094385441822479,0.003722578287124634,0.9894892116143785,1.0,0.5770331519972971,1.0,4.905614558177521,10.0,7.452807279088761
GPH,0.27365665333811195,0.03182438015937805,0.46883033215999603,1.0,0.21009573802351952,1.0,7.2634334666188805,10.0,8.63171673330944
Whittle,0.19999999999999998,0.00022017955780029297,0.007123453675368176,1.0,0.0,1.0,8.0,10.0,9.0
Periodogram,0.20536733006360008,0.0004737675189971924,0.4688468724489212,1.0,0.21087087458232417,1.0,7.946326699363999,10.0,8.973163349682
CWT,0.26932893685597303,0.06319665908813477,0.44980773224900694,1.0,0.2885153931169804,1.0,7.30671063144027,10.0,8.653355315720134
