Estimator,Mean_Absolute_Error_Pure,Mean_Execution_Time_Pure,Mean_R_squared_Pure,Success_Rate_Pure,Mean_Absolute_Error_Contaminated,Robustness_Score,Pure_Data_Score,Robustness_Score_Ranking,Overall_Score
R/S,0.14991643598618692,0.7333989143371582,0.9839564019710044,1.0,0.19896349064389482,1.0,8.500835640138131,10.0,9.250417820069066
DFA,0.40908873416648894,0.008775770664215088,0.8802621168087599,1.0,0.49649885167985,1.0,5.90911265833511,10.0,7.954556329167556
DMA,0.47537380372431015,0.0005376935005187988,0.9241586094308535,1.0,0.5495647322761686,1.0,5.246261962756899,10.0,7.623130981378449
Higuchi,0.5724063325357943,0.007306843996047974,0.9889277555510883,1.0,0.5769237495932333,1.0,4.275936674642057,10.0,7.137968337321029
GPH,0.3216105327708647,0.06038793921470642,0.5808458626270294,1.0,0.20998043283820153,1.0,6.783894672291353,10.0,8.391947336145677
Whittle,0.19999999999999998,0.00027877092361450195,0.007154352529641745,1.0,0.0,1.0,8.0,10.0,9.0
Periodogram,0.26121591122820975,0.0012348294258117676,0.5808498933911324,1.0,0.21093429962871596,1.0,7.3878408877179025,10.0,8.693920443858952
CWT,0.29596389149955693,0.06925499439239502,0.41892144699367284,1.0,0.2885231816256218,1.0,7.040361085004431,10.0,8.520180542502215
