{
  "overall": {
    "total_tests": 420,
    "success_rate": 88.57142857142857,
    "mean_error": 0.3348858109534981,
    "mean_execution_time": 0.19751498869487216
  },
  "pure_data": {
    "success_rate": 85.71428571428571,
    "mean_error": 0.31087035687405584,
    "mean_execution_time": 0.24794359718050277
  },
  "contaminated_data": {
    "success_rate": 89.28571428571429,
    "mean_error": 0.3408896744733586,
    "mean_execution_time": 0.18490783657346452
  },
  "framework_usage": {
    "numba": 334,
    "numpy": 85,
    "jax": 1
  },
  "estimator_performance": {
    "Adaptive_RS": {
      "success_rate": 93.33333333333333,
      "mean_error": 0.22863469746667903,
      "mean_execution_time": 1.2360464572906493
    },
    "Adaptive_DFA": {
      "success_rate": 95.0,
      "mean_error": 0.5131303987998347,
      "mean_execution_time": 0.08153049151102702
    },
    "Adaptive_DMA": {
      "success_rate": 98.33333333333333,
      "mean_error": 0.5931483149746544,
      "mean_execution_time": 0.004214270909627279
    },
    "Adaptive_Higuchi": {
      "success_rate": 33.33333333333333,
      "mean_error": 0.48717754889808285,
      "mean_execution_time": 0.02225417693456014
    },
    "Adaptive_GPH": {
      "success_rate": 100.0,
      "mean_error": 0.19814470837575693,
      "mean_execution_time": 0.027086333433787028
    },
    "Adaptive_Whittle": {
      "success_rate": 100.0,
      "mean_error": 0.13333333333333333,
      "mean_execution_time": 0.0025415460268656412
    },
    "Adaptive_Periodogram": {
      "success_rate": 100.0,
      "mean_error": 0.19063167482614515,
      "mean_execution_time": 0.008931644757588704
    }
  },
  "eeg_scenario_performance": {
    "eeg_ocular_artifacts": {
      "success_rate": 85.71428571428571,
      "mean_error": 0.34255169841429994,
      "mean_execution_time": 0.17959688674835933
    },
    "eeg_muscle_artifacts": {
      "success_rate": 86.90476190476191,
      "mean_error": 0.3271432403043541,
      "mean_execution_time": 0.18961136681692942
    },
    "eeg_60hz_noise": {
      "success_rate": 97.61904761904762,
      "mean_error": 0.39069144527783695,
      "mean_execution_time": 0.18363273711431594
    },
    "eeg_movement_artifacts": {
      "success_rate": 86.90476190476191,
      "mean_error": 0.30317231389694355,
      "mean_execution_time": 0.18679035561425344
    }
  }
}