Estimator,Pure_Mean_Absolute_Error,Pure_Mean_Execution_Time,Pure_Success_Rate,Robustness_Score,Realistic_Success_Rate,Pure_Data_Score,Robustness_Score_Ranking,Realistic_Score,Overall_Score
RandomForest,0.205153469305976,2.119636047631502,1.0,1.0,1.0,7.94846530694024,10.0,10.0,9.316155102313413
SVR,0.20199963869851265,0.008348118513822556,1.0,1.0,1.0,7.9800036130148735,10.0,10.0,9.326667871004958
GradientBoosting,0.1976487309487024,0.010430388152599335,1.0,1.0,1.0,8.023512690512977,10.0,10.0,9.341170896837658
