Estimator,Pure_Mean_Absolute_Error,Pure_Mean_Execution_Time,Pure_Success_Rate,Robustness_Score,Realistic_Success_Rate,Pure_Data_Score,Robustness_Score_Ranking,Realistic_Score,Overall_Score
RandomForest,0.20213175562489677,2.0994804464280605,1.0,1.0,1.0,7.978682443751032,10.0,10.0,9.326227481250344
SVR,0.2018056335248069,0.009179789572954178,1.0,1.0,1.0,7.981943664751931,10.0,10.0,9.32731455491731
GradientBoosting,0.19259156494333224,0.013320516794919968,1.0,1.0,1.0,8.074084350566677,10.0,10.0,9.358028116855559
