data_model,estimator,success,execution_time,estimated_hurst,true_hurst,error,r_squared,p_value,intercept,slope,std_error,convergence_rate,convergence_achieved,stability_metric,mean_signed_error,bias_percentage,significant_bias
fBm,CNN,True,0.0007364749908447266,0.4861128330230713,0.7,0.21388716697692867,,,,,0.1,-0.2481081625019516,True,0.0067595602916476595,-0.21388680279254907,-30.55525754179272,True
fBm,Transformer,True,0.0016720294952392578,0.3644101619720459,0.7,0.33558983802795406,,,,,0.1,0.06851506057043458,True,0.0023016567919424942,-0.33559191167354574,-47.941701667649376,True
fGn,CNN,True,0.0005123615264892578,0.4872626066207886,0.7,0.21273739337921138,,,,,0.1,0.22822183254739756,True,0.005388812303968478,-0.2127362418174743,-30.39089168821061,True
fGn,Transformer,True,0.0018470287322998047,0.3635886311531067,0.7,0.33641136884689327,,,,,0.1,-0.9642140458715386,True,0.0008436299238141669,-0.33641259729862205,-48.05894247123171,True
ARFIMAModel,CNN,True,0.0005412101745605469,0.48750433325767517,0.3,0.18750433325767518,,,,,0.1,1.540468354577554,True,0.007651303401936413,0.18750269234180447,62.500897447268144,True
ARFIMAModel,Transformer,True,0.0021092891693115234,0.36252301931381226,0.3,0.06252301931381227,,,,,0.1,1.0823712374690277,True,0.002028727505382773,0.06252256989479067,20.84085663159689,True
MRW,CNN,True,0.0007259845733642578,0.4901660680770874,0.7,0.20983393192291255,,,,,0.1,0.0749692909125025,True,0.003658458592164342,-0.20984016180038445,-29.977165971483483,True
MRW,Transformer,True,0.0015909671783447266,0.36392879486083984,0.7,0.3360712051391601,,,,,0.1,-0.23615707790421778,True,0.0014830436863723956,-0.3360720854997634,-48.01029792853762,True
