data_model,estimator,success,execution_time,estimated_hurst,true_hurst,error,r_squared,p_value,intercept,slope,std_error,convergence_rate,convergence_achieved,stability_metric,mean_signed_error,bias_percentage,significant_bias
fBm,CNN,True,0.0005829334259033203,0.497745543718338,0.7,0.20225445628166194,,,,,0.1,0.23840941434317897,True,0.001153912572892144,-0.20224953413009636,-28.892790590013757,True
fBm,Transformer,True,0.0017445087432861328,0.5432385206222534,0.7,0.15676147937774654,,,,,0.1,0.4620576588685704,True,0.0014948653482154582,-0.15675990581512447,-22.39427225930349,True
fGn,CNN,True,0.00029778480529785156,0.498672217130661,0.7,0.20132778286933894,,,,,0.1,-1.7187612348894172,True,0.0008110111953995555,-0.20132892131805413,-28.761274474007724,True
fGn,Transformer,True,0.0011191368103027344,0.5418793559074402,0.7,0.15812064409255977,,,,,0.1,-0.4145350393553326,True,0.0005216242082832926,-0.15812031269073482,-22.588616098676397,True
ARFIMAModel,CNN,True,0.0004937648773193359,0.49942487478256226,0.3,0.19942487478256227,,,,,0.1,0.9832245336493376,True,0.00269642638201417,0.19942421615123745,66.47473871707913,True
ARFIMAModel,Transformer,True,0.0012278556823730469,0.5416807532310486,0.3,0.2416807532310486,,,,,0.1,0.7657072927487644,True,0.0006009439619037519,0.24168056488037107,80.56018829345702,True
MRW,CNN,True,0.0003452301025390625,0.49794241786003113,0.7,0.20205758213996883,,,,,0.1,0.1408233582882265,True,0.0003838147500142952,-0.20205421149730676,-28.8648873567581,True
MRW,Transformer,True,0.0011298656463623047,0.5415534973144531,0.7,0.15844650268554683,,,,,0.1,0.18673368048665573,True,0.0008670639919775381,-0.15844723582267758,-22.63531940323965,True
