data_model,estimator,success,execution_time,estimated_hurst,true_hurst,error,r_squared,p_value,intercept,slope,std_error,convergence_rate,convergence_achieved,stability_metric,mean_signed_error,bias_percentage,significant_bias
fBm,CNN,True,0.001004934310913086,0.4793044328689575,0.7,0.22069556713104244,,,,,0.1,-0.6043373501365426,True,0.009190999480070886,-0.2206992465257644,-31.528463789394905,True
fBm,Transformer,True,0.002084493637084961,0.6456026434898376,0.7,0.05439735651016231,,,,,0.1,0.6341479233276694,True,0.0004667210347572617,-0.054398003816604576,-7.77114340237208,True
fGn,CNN,True,0.00031447410583496094,0.4801306128501892,0.7,0.21986938714981075,,,,,0.1,-0.5959774414218952,True,0.007851180592686089,-0.21986775636672967,-31.409679480961373,True
fGn,Transformer,True,0.0011072158813476562,0.6438397169113159,0.7,0.05616028308868404,,,,,0.1,2.1248519256778753,True,0.0005905060410866741,-0.056160073280334434,-8.022867611476347,True
ARFIMAModel,CNN,True,0.00034236907958984375,0.4821375608444214,0.3,0.1821375608444214,,,,,0.1,3.1879790293936274,True,0.016002667189535812,0.1821408516168594,60.713617205619784,True
ARFIMAModel,Transformer,True,0.001356363296508789,0.6419767737388611,0.3,0.3419767737388611,,,,,0.1,1.3839483615061483,True,0.0012137385992924516,0.34197593092918394,113.99197697639462,True
MRW,CNN,True,0.00030493736267089844,0.4828691780567169,0.7,0.21713082194328304,,,,,0.1,-0.33369775335424906,True,0.006058796255503474,-0.2171383643150329,-31.01976633071898,True
MRW,Transformer,True,0.0011508464813232422,0.6454789042472839,0.7,0.05452109575271602,,,,,0.1,-0.6339742776452337,True,0.00041955989808624953,-0.05452090501785275,-7.7887007168361055,True
