data_model,estimator,success,execution_time,estimated_hurst,true_hurst,error,r_squared,p_value,intercept,slope,std_error,convergence_rate,convergence_achieved,stability_metric,mean_signed_error,bias_percentage,significant_bias
fBm,CNN,True,0.003938913345336914,0.5018579959869385,0.7,0.19814200401306148,,,,,0.1,-1.4085782531877271,True,0.0008310435272161334,-0.19814458012580866,-28.30636858940123,True
fBm,Transformer,True,0.007178544998168945,0.5133983492851257,0.7,0.18660165071487422,,,,,0.1,-0.15149650562497657,True,0.0006926988270880427,-0.18659833908081047,-26.656905582972918,True
fGn,CNN,True,0.0003762245178222656,0.5036541819572449,0.7,0.19634581804275508,,,,,0.1,-1.005081601976788,True,0.0011621353267026603,-0.19634640812873833,-28.04948687553404,True
fGn,Transformer,True,0.0013508796691894531,0.5156418085098267,0.7,0.1843581914901733,,,,,0.1,-0.12069292498528962,True,0.0007105904206309619,-0.18436029314994806,-26.33718473570686,True
ARFIMAModel,CNN,True,0.0003895759582519531,0.5021083950996399,0.3,0.2021083950996399,,,,,0.1,1.0139770936052086,True,0.003872644799315995,0.2021074044704437,67.36913482348122,True
ARFIMAModel,Transformer,True,0.0013532638549804688,0.5138853192329407,0.3,0.21388531923294068,,,,,0.1,0.14423533530219004,True,0.0013622246809038329,0.21388683199882505,71.29561066627501,True
MRW,CNN,True,0.00040841102600097656,0.5007467865943909,0.7,0.1992532134056091,,,,,0.1,0.07721582866085276,True,0.0008251805903064406,-0.19925031423568718,-28.46433060509816,True
MRW,Transformer,True,0.0014388561248779297,0.5146990418434143,0.7,0.18530095815658565,,,,,0.1,-2.1335495879812587,True,0.0006924734803613058,-0.1853024744987487,-26.471782071249812,True
