data_model,estimator,success,execution_time,estimated_hurst,true_hurst,error,r_squared,p_value,intercept,slope,std_error,convergence_rate,convergence_achieved,stability_metric,mean_signed_error,bias_percentage,significant_bias
fBm,CNN,True,0.005585193634033203,0.48557189106941223,0.7,0.21442810893058772,,,,,0.1,-0.6195155515689864,True,0.004513439437816419,-0.2144262093305587,-30.632315618651234,True
fBm,Transformer,True,0.0071468353271484375,0.4386705756187439,0.7,0.26132942438125606,,,,,0.1,-0.16704466994429348,True,0.0010315129700329423,-0.2613290965557098,-37.33272807938711,True
fGn,CNN,True,0.000499725341796875,0.48441556096076965,0.7,0.2155844390392303,,,,,0.1,-0.01442431116956396,True,0.004084246517275107,-0.21558132469654076,-30.797332099505816,True
fGn,Transformer,True,0.001237630844116211,0.4370708763599396,0.7,0.2629291236400604,,,,,0.1,-0.4641145152703781,True,0.00111934299092469,-0.2629287272691726,-37.56124675273894,True
ARFIMAModel,CNN,True,0.0006270408630371094,0.48749420046806335,0.3,0.18749420046806337,,,,,0.1,1.2879203236378303,True,0.003675990105019701,0.1874980819225311,62.49936064084369,True
ARFIMAModel,Transformer,True,0.0016369819641113281,0.4377700686454773,0.3,0.1377700686454773,,,,,0.1,1.6011351388092667,True,0.000877032961959624,0.13777105629444122,45.9236854314804,True
MRW,CNN,True,0.0004963874816894531,0.4879246950149536,0.7,0.21207530498504634,,,,,0.1,-0.48787651204508137,True,0.003112353510304864,-0.21207577466964714,-30.296539238521014,True
MRW,Transformer,True,0.001306772232055664,0.43803560733795166,0.7,0.2619643926620483,,,,,0.1,-0.14143032468764408,True,0.00046130696526798504,-0.2619651275873183,-37.42358965533118,True
