{
  "metadata": {
    "data_configs": 5,
    "estimators": 9,
    "total_tests": 45
  },
  "results": {
    "R/S": {
      "type": "classical",
      "estimates": [
        0.15739604494375806,
        0.653111229472336,
        0.8039319156194226,
        0.31448718713976426,
        0.835490468408159
      ],
      "errors": [
        0.14260395505624193,
        0.05311122947233604,
        0.003931915619422521,
        0.08551281286023577,
        0.13549046840815904
      ],
      "execution_times": [
        0.26841139793395996,
        0.27564144134521484,
        0.27077674865722656,
        0.27355074882507324,
        0.26708221435546875
      ],
      "success_rate": 1.0,
      "mean_mae": 0.08413007628327906,
      "mean_execution_time": 0.27109251022338865
    },
    "DFA": {
      "type": "classical",
      "estimates": [
        0.014360389285762267,
        0.06444645561316573,
        0.19591951293456267,
        0.01879116622078448,
        0.1388141728127005
      ],
      "errors": [
        0.2856396107142377,
        0.5355535443868342,
        0.6040804870654374,
        0.38120883377921555,
        0.5611858271872995
      ],
      "execution_times": [
        0.022826671600341797,
        0.0227353572845459,
        0.02252936363220215,
        0.021622180938720703,
        0.021851301193237305
      ],
      "success_rate": 0.4,
      "mean_mae": 0.4735336606266049,
      "mean_execution_time": 0.02231297492980957
    },
    "Whittle": {
      "type": "classical",
      "estimates": [
        0.7,
        0.7,
        0.7,
        0.7,
        0.7
      ],
      "errors": [
        0.39999999999999997,
        0.09999999999999998,
        0.10000000000000009,
        0.29999999999999993,
        0.0
      ],
      "execution_times": [
        0.0008797645568847656,
        0.0006709098815917969,
        0.0006372928619384766,
        0.0006165504455566406,
        0.0008015632629394531
      ],
      "success_rate": 1.0,
      "mean_mae": 0.18,
      "mean_execution_time": 0.0007212162017822266
    },
    "GPH": {
      "type": "classical",
      "estimates": [
        0.99,
        0.593099907040596,
        0.8341951966285706,
        0.04803648591041565,
        0.99
      ],
      "errors": [
        0.69,
        0.0069000929594039695,
        0.03419519662857051,
        0.3519635140895844,
        0.29000000000000004
      ],
      "execution_times": [
        0.003618478775024414,
        0.003478527069091797,
        0.003313302993774414,
        0.0034313201904296875,
        0.0032334327697753906
      ],
      "success_rate": 0.8,
      "mean_mae": 0.27461176073551175,
      "mean_execution_time": 0.0034150123596191407
    },
    "RandomForest": {
      "type": "ml",
      "estimates": [
        0.2768767525186985,
        0.6280800264667563,
        0.7543917141529946,
        0.38134781200985457,
        0.7008649888803791
      ],
      "errors": [
        0.023123247481301512,
        0.028080026466756336,
        0.04560828584700549,
        0.018652187990145452,
        0.0008649888803791139
      ],
      "execution_times": [
        9.298324584960938e-06,
        1.2159347534179688e-05,
        1.239776611328125e-05,
        1.52587890625e-05,
        1.049041748046875e-05
      ],
      "success_rate": 1.0,
      "mean_mae": 0.023265747333117582,
      "mean_execution_time": 1.1920928955078125e-05
    },
    "SVR": {
      "type": "ml",
      "estimates": [
        0.28560069510901626,
        0.6554483745332467,
        0.8984481677762848,
        0.374853324172278,
        0.7266738390385977
      ],
      "errors": [
        0.014399304890983733,
        0.05544837453324669,
        0.09844816777628473,
        0.02514667582772201,
        0.02667383903859777
      ],
      "execution_times": [
        2.86102294921875e-06,
        1.6689300537109375e-06,
        3.5762786865234375e-06,
        1.9073486328125e-06,
        2.86102294921875e-06
      ],
      "success_rate": 1.0,
      "mean_mae": 0.04402327241336699,
      "mean_execution_time": 2.574920654296875e-06
    },
    "GradientBoosting": {
      "type": "ml",
      "estimates": [
        0.29913427787857466,
        0.6060457893646648,
        0.8266623040869482,
        0.4600649656800249,
        0.8084235931117554
      ],
      "errors": [
        0.0008657221214253275,
        0.006045789364664822,
        0.02666230408694814,
        0.060064965680024895,
        0.10842359311175542
      ],
      "execution_times": [
        1.1920928955078125e-06,
        1.6689300537109375e-06,
        1.9073486328125e-06,
        1.6689300537109375e-06,
        1.430511474609375e-06
      ],
      "success_rate": 1.0,
      "mean_mae": 0.04041247487296372,
      "mean_execution_time": 1.5735626220703124e-06
    },
    "Feedforward": {
      "type": "neural",
      "estimates": [
        0.20521348491418953,
        0.6088904163192775,
        0.8668002763836747,
        0.4799372050978351,
        0.7224006108636652
      ],
      "errors": [
        0.09478651508581046,
        0.008890416319277561,
        0.0668002763836747,
        0.07993720509783508,
        0.022400610863665293
      ],
      "execution_times": [
        1.430511474609375e-06,
        1.430511474609375e-06,
        1.6689300537109375e-06,
        2.384185791015625e-06,
        2.1457672119140625e-06
      ],
      "success_rate": 1.0,
      "mean_mae": 0.05456300475005262,
      "mean_execution_time": 1.811981201171875e-06
    },
    "CNN": {
      "type": "neural",
      "estimates": [
        0.2612633269481701,
        0.6024634918402648,
        0.713260625584434,
        0.2919187631358152,
        0.812871079255199
      ],
      "errors": [
        0.03873667305182987,
        0.002463491840264842,
        0.086739374415566,
        0.1080812368641848,
        0.11287107925519901
      ],
      "execution_times": [
        1.430511474609375e-06,
        1.1920928955078125e-06,
        1.430511474609375e-06,
        1.6689300537109375e-06,
        1.430511474609375e-06
      ],
      "success_rate": 1.0,
      "mean_mae": 0.06977837108540891,
      "mean_execution_time": 1.430511474609375e-06
    }
  },
  "summary": {
    "total_tests": 45,
    "successful_tests": 41,
    "overall_success_rate": 0.9111111111111111,
    "estimator_rankings": [
      {
        "estimator": "RandomForest",
        "success_rate": 1.0,
        "mean_mae": 0.023265747333117582,
        "mean_execution_time": 1.1920928955078125e-05
      },
      {
        "estimator": "GradientBoosting",
        "success_rate": 1.0,
        "mean_mae": 0.04041247487296372,
        "mean_execution_time": 1.5735626220703124e-06
      },
      {
        "estimator": "SVR",
        "success_rate": 1.0,
        "mean_mae": 0.04402327241336699,
        "mean_execution_time": 2.574920654296875e-06
      },
      {
        "estimator": "Feedforward",
        "success_rate": 1.0,
        "mean_mae": 0.05456300475005262,
        "mean_execution_time": 1.811981201171875e-06
      },
      {
        "estimator": "CNN",
        "success_rate": 1.0,
        "mean_mae": 0.06977837108540891,
        "mean_execution_time": 1.430511474609375e-06
      },
      {
        "estimator": "R/S",
        "success_rate": 1.0,
        "mean_mae": 0.08413007628327906,
        "mean_execution_time": 0.27109251022338865
      },
      {
        "estimator": "Whittle",
        "success_rate": 1.0,
        "mean_mae": 0.18,
        "mean_execution_time": 0.0007212162017822266
      },
      {
        "estimator": "GPH",
        "success_rate": 0.8,
        "mean_mae": 0.27461176073551175,
        "mean_execution_time": 0.0034150123596191407
      },
      {
        "estimator": "DFA",
        "success_rate": 0.4,
        "mean_mae": 0.4735336606266049,
        "mean_execution_time": 0.02231297492980957
      }
    ]
  }
}