{
  "metadata": {
    "data_configs": 5,
    "estimators": 6,
    "total_tests": 30
  },
  "results": {
    "R/S": {
      "type": "classical",
      "estimates": [
        392.8310276190216,
        430.8673992580297,
        424.3638033528398,
        52.77992669410793,
        32.975728827295114
      ],
      "errors": [
        392.5310276190216,
        430.2673992580297,
        423.5638033528398,
        52.37992669410793,
        32.27572882729511
      ],
      "execution_times": [
        0.00010228157043457031,
        8.320808410644531e-05,
        7.271766662597656e-05,
        6.723403930664062e-05,
        8.58306884765625e-05
      ],
      "success_rate": 0.0,
      "mean_mae": 266.20357715025887,
      "mean_execution_time": 8.225440979003906e-05
    },
    "DFA": {
      "type": "classical",
      "estimates": [
        1.4218394527844334,
        1.6076485339889992,
        1.5508973256108398,
        0.47415844710518235,
        0.45545023224403236
      ],
      "errors": [
        1.1218394527844333,
        1.0076485339889993,
        0.7508973256108398,
        0.07415844710518232,
        0.2445497677559676
      ],
      "execution_times": [
        0.010245323181152344,
        0.009794473648071289,
        0.009819269180297852,
        0.009835481643676758,
        0.010017633438110352
      ],
      "success_rate": 0.4,
      "mean_mae": 0.6398187054490846,
      "mean_execution_time": 0.009942436218261718
    },
    "Whittle": {
      "type": "classical",
      "estimates": [
        1.3246830652710835,
        1.4179075663028533,
        1.3776699728417312,
        0.5342177572811754,
        0.5147842077644992
      ],
      "errors": [
        1.0246830652710834,
        0.8179075663028533,
        0.5776699728417312,
        0.13421775728117535,
        0.18521579223550078
      ],
      "execution_times": [
        0.00017213821411132812,
        0.00012302398681640625,
        0.00010728836059570312,
        0.00012564659118652344,
        0.00012826919555664062
      ],
      "success_rate": 0.4,
      "mean_mae": 0.5479388307864687,
      "mean_execution_time": 0.00013127326965332032
    },
    "RandomForest": {
      "type": "ml",
      "estimates": [
        0.36440113396617163,
        0.5914554862187107,
        0.9308169906828407,
        0.4177630854430074,
        0.7414309582665827
      ],
      "errors": [
        0.06440113396617164,
        0.008544513781289287,
        0.1308169906828407,
        0.017763085443007365,
        0.04143095826658272
      ],
      "execution_times": [
        1.0967254638671875e-05,
        1.1682510375976562e-05,
        8.344650268554688e-06,
        1.0013580322265625e-05,
        1.0251998901367188e-05
      ],
      "success_rate": 1.0,
      "mean_mae": 0.05259133642797834,
      "mean_execution_time": 1.0251998901367188e-05
    },
    "SVR": {
      "type": "ml",
      "estimates": [
        0.34963411921822213,
        0.5970460530121093,
        0.9040054525598358,
        0.48638766152123125,
        0.7266619730034507
      ],
      "errors": [
        0.04963411921822214,
        0.0029539469878906432,
        0.10400545255983573,
        0.08638766152123123,
        0.026661973003450745
      ],
      "execution_times": [
        1.430511474609375e-06,
        2.86102294921875e-06,
        1.430511474609375e-06,
        3.0994415283203125e-06,
        1.6689300537109375e-06
      ],
      "success_rate": 1.0,
      "mean_mae": 0.0539286306581261,
      "mean_execution_time": 2.09808349609375e-06
    },
    "GradientBoosting": {
      "type": "ml",
      "estimates": [
        0.387262025006344,
        0.6268381442183462,
        0.7727990726130907,
        0.41830803020869817,
        0.6863526971928288
      ],
      "errors": [
        0.087262025006344,
        0.026838144218346183,
        0.02720092738690938,
        0.018308030208698145,
        0.013647302807171191
      ],
      "execution_times": [
        1.1920928955078125e-06,
        1.430511474609375e-06,
        1.6689300537109375e-06,
        1.6689300537109375e-06,
        1.430511474609375e-06
      ],
      "success_rate": 1.0,
      "mean_mae": 0.03465128592549378,
      "mean_execution_time": 1.4781951904296875e-06
    }
  },
  "summary": {
    "total_tests": 30,
    "successful_tests": 19,
    "overall_success_rate": 0.6333333333333333,
    "estimator_rankings": [
      {
        "estimator": "GradientBoosting",
        "success_rate": 1.0,
        "mean_mae": 0.03465128592549378,
        "mean_execution_time": 1.4781951904296875e-06
      },
      {
        "estimator": "RandomForest",
        "success_rate": 1.0,
        "mean_mae": 0.05259133642797834,
        "mean_execution_time": 1.0251998901367188e-05
      },
      {
        "estimator": "SVR",
        "success_rate": 1.0,
        "mean_mae": 0.0539286306581261,
        "mean_execution_time": 2.09808349609375e-06
      },
      {
        "estimator": "Whittle",
        "success_rate": 0.4,
        "mean_mae": 0.5479388307864687,
        "mean_execution_time": 0.00013127326965332032
      },
      {
        "estimator": "DFA",
        "success_rate": 0.4,
        "mean_mae": 0.6398187054490846,
        "mean_execution_time": 0.009942436218261718
      },
      {
        "estimator": "R/S",
        "success_rate": 0.0,
        "mean_mae": 266.20357715025887,
        "mean_execution_time": 8.225440979003906e-05
      }
    ]
  }
}