{
  "hardware_info": {
    "cpu": {
      "physical_cores": 8,
      "logical_cores": 16,
      "max_frequency": 4300.0,
      "architecture": "x86_64",
      "processor": "x86_64"
    },
    "gpu": {
      "available": true,
      "count": 1,
      "devices": [
        {
          "id": 0,
          "name": "NVIDIA GeForce RTX 3050 Laptop GPU",
          "memory_total": 3.679931640625,
          "memory_available": 0.0
        }
      ],
      "memory_total": 3.679931640625,
      "memory_available": 0.0
    },
    "memory": {
      "total": 30.268856048583984,
      "available": 23.656436920166016,
      "used": 6.415885925292969,
      "percentage": 21.8,
      "cached": 7.4864501953125,
      "buffers": 0.20658493041992188
    },
    "config": {
      "max_cpu_cores": 16,
      "cpu_memory_limit": 24.215084838867188,
      "gpu_memory_limit": null,
      "distributed_enabled": false,
      "memory_strategy": "adaptive"
    }
  },
  "memory_management": {
    "estimation_error": 0.0,
    "can_allocate": true,
    "memory_after_cleanup": 6.4329986572265625
  },
  "task_scheduling": {
    "total_tasks": 9,
    "completed_tasks": 9,
    "execution_time": 2.7074952125549316,
    "throughput": 3.3241056007287035
  },
  "memory_strategies": {
    "conservative": {
      "execution_time": 0.6542515754699707,
      "completed_tasks": 5,
      "memory_usage": 6.620208740234375,
      "memory_percentage": 22.5
    },
    "aggressive": {
      "execution_time": 0.6076071262359619,
      "completed_tasks": 5,
      "memory_usage": 6.704975128173828,
      "memory_percentage": 22.8
    },
    "adaptive": {
      "execution_time": 0.6006858348846436,
      "completed_tasks": 5,
      "memory_usage": 6.7259674072265625,
      "memory_percentage": 22.9
    }
  },
  "data_optimization": {
    "cpu": {
      "optimization_time": 9.5367431640625e-06,
      "data_type": "<class 'numpy.ndarray'>",
      "shape": [
        1000,
        1000
      ],
      "dtype": "float32"
    },
    "gpu": {
      "optimization_time": 0.14010095596313477,
      "data_type": "<class 'torch.Tensor'>",
      "shape": [
        1000,
        1000
      ],
      "dtype": "torch.float32"
    }
  },
  "caching": {
    "first_execution_time": 0.11163139343261719,
    "second_execution_time": 0.0001976490020751953,
    "speedup": 564.7961399276237,
    "cache_size": 7.450580596923828e-05
  }
}